dispositif_id,origin_id
6a1ef02f62dcb0a93aefbc04,carif-oref--14_SE_0001597187
6a1ef78062dcb0a93aefbe93,carif-oref--07_816811S
6a1ff1924c5a31a250513424,carif-oref--02_00540249
6a216dfe263477543637278b,carif-oref--07_757987S
6a2178ac2634775436372b24,carif-oref--02_00540263
6a219bffc652c5bb1156f55a,carif-oref--07_760934S
6a22d706c652c5bb115729b0,carif-oref--14_SE_0001754264
6a22e7d6c652c5bb11572f02,carif-oref--14_SE_0001610502
6a243e69cd2bbe3365ecd389,carif-oref--21_276604
6a244b37f73859a016148499,carif-oref--14_SE_0001607456
6a245054f73859a016148539,carif-oref--07_337645S
6a280a1391baaaa028dcf119,carif-oref--07_337640S
6a29312691baaaa028dd1ef0,carif-oref--01_GE2047915
6a2939fc91baaaa028dd2189,carif-oref--07_760936S
6a29816b3fd7e43cad4c60b1,carif-oref--01_GE2051036
6a2a79713fd7e43cad4c93c4,carif-oref--02_00640647
6a2a7d813fd7e43cad4c9525,carif-oref--07_730614S
6a2a832e3fd7e43cad4c97b1,carif-oref--02_00640671
6a2a93423fd7e43cad4c9ca8,carif-oref--14_SE_0001856568
6a2abe9098ca349c38b22415,carif-oref--14_SE_0001880705
6a2ac44098ca349c38b22582,carif-oref--14_SE_0001880286
6a2aecd798ca349c38b22e2f,carif-oref--24_1567048
6a2beb00c9ee8e5d88a0e919,carif-oref--14_SE_0001608244
6a2bed65c9ee8e5d88a0e96c,carif-oref--24_1568300
6a2bef56c9ee8e5d88a0ea1a,carif-oref--24_1611922
6a2c343ac9ee8e5d88a0fa7e,carif-oref--02_00346502
6a2c4896c9ee8e5d88a10384,carif-oref--28_28S2500023
6a2e90eb7da026918e79f843,carif-oref--03_2566031S
6a2e94157da026918e79f947,carif-oref--14_SE_0001880769
6a2e96e97da026918e79f9d4,carif-oref--14_SE_0001864898
6a2e9b3d7da026918e79fadd,carif-oref--24_1568292
6a2ea3567da026918e79fc5f,carif-oref--24_1612736
6a2ead3a7da026918e79fdff,carif-oref--01_GE2056823
6a2ec78375c2a6e48b90916d,carif-oref--07_674691S
6a2ed51975c2a6e48b909bdb,carif-oref--01_GE1997740
6a2edeab75c2a6e48b90a278,carif-oref--14_SE_0001596795
6a2ee34175c2a6e48b90a574,carif-oref--03_2593103S
6a2eea1b75c2a6e48b90a80b,carif-oref--02_00375614
6a2ef25d75c2a6e48b90a915,carif-oref--10_415530S
6a2ef6a075c2a6e48b90a993,carif-oref--24_1611746
6a2f010975c2a6e48b90ab20,carif-oref--21_256693
6a325aee9678d79417a6e797,carif-oref--02_00511953
6a33b1379678d79417a72967,carif-oref--04_624267S
6a33bdbf9678d79417a72c32,carif-oref--02_00231073
6a33e50d9678d79417a769fe,carif-oref--07_730663S
6a33f30685ef93f34dd22c8f,carif-oref--14_SE_0001857102
6a3418bffeaad6b8acdd52d2,carif-oref--02_00553859
6a3524c6feaad6b8acdd7f5d,carif-oref--01_GE1912267
6a352a55feaad6b8acdd800c,carif-oref--14_SE_0001607602
6a353d8df431f521bec1ea1e,carif-oref--28_28S2500018
6a369f9be79c9b805eea71c1,carif-oref--10_422936S
6a36b205e79c9b805eea7494,carif-oref--14_SE_0001607217
6a36bb3ee79c9b805eea75ff,carif-oref--14_SE_0001857222
6a36c87fe79c9b805eea7791,carif-oref--02_00638057
6a36d025e79c9b805eea789a,carif-oref--24_1568296
6a36db13e79c9b805eea79b1,carif-oref--14_SE_0001694172
6a3801862fa9d1e9b656f3f4,carif-oref--10_378743S
6a380aae2fa9d1e9b656f4fa,carif-oref--14_SE_0001753895
6a381d072fa9d1e9b656f77a,carif-oref--14_SE_0001607255
6a3821982fa9d1e9b656f820,carif-oref--28_28S2500021
6a382a132fa9d1e9b656f910,carif-oref--10_392478S
6a3aa83ddfb9a59f25f51c4b,carif-oref--14_SE_0001603911
6a3ce32bc5030bc4252d705c,carif-oref--14_SE_0001580762
6a3d4b6c1986ffc27703a98b,carif-oref--14_SE_0001856985
6a3d55271986ffc27703ac72,carif-oref--24_1611749
6a429e259ea26b09496df589,carif-oref--28_28S2500020
6a4379149ea26b09496e1507,carif-oref--02_00640673
6a4392b33b29a942315c82a5,carif-oref--04_481181S
6a454299dd923b3bd9fc1cd0,carif-oref--10_378768S
6a463184c90ff17ecb3085c1,carif-oref--14_SE_0001609082
6a4801aed889fa3b7f95a29c,carif-oref--10_378253S
6a4803bbd889fa3b7f95a2e5,carif-oref--24_1568309
6a4adadf5ab3a34a66af713a,carif-oref--24_1567614
6a4ae1555ab3a34a66af71f8,carif-oref--14_SE_0001607231
6a4b78895ab3a34a66af84b2,carif-oref--14_SE_0001857087
6a4ceea2cd9911bd44871bfa,carif-oref--24_1612737
6a4f7532f5f945d340e1ee02,carif-oref--04_624312S
6a4f8524f5f945d340e1f12b,carif-oref--24_1567077
6a4fc099f5f945d340e1fbff,carif-oref--10_378848S
6a57a2651b866e1de05430cb,carif-oref--24_1611756
6a57aaad1b866e1de05432b8,carif-oref--02_00670419
6a57b3d3b83b16076e35e912,carif-oref--07_820177S
6a5deb0c8c50cc29daef0c41,carif-oref--21_281634
6a5dfa298c50cc29daef0f6a,carif-oref--07_749714S
6a5e14897d8d8160843e7042,carif-oref--21_281800
6a5e2d5b7d8d8160843e76c9,carif-oref--07_821856S
6a5e3b2d7d8d8160843e79bf,carif-oref--10_362834S
6a5e50847d8d8160843e7cdc,carif-oref--14_SE_0001856270
6a5f395df338f62b7f5e5609,carif-oref--07_815362S
6a5fa0195f5d5b48f704e41a,carif-oref--28_28S2500019
6a60d4ab161c1a2da333f1c7,carif-oref--24_1611739
6a60e1af78c165c754fd7e3e,carif-oref--21_281676
6a60e9cc78c165c754fd7fc5,carif-oref--21_281015
6a60eab478c165c754fd7ff2,carif-oref--24_1613757
6a60f92a78c165c754fd82db,carif-oref--14_SE_0001847289
6a6208a0ef57e11da59c170f,carif-oref--21_272418
6a620bcaef57e11da59c17e9,carif-oref--24_1611736
6a6225260f79cb2df80bffe8,carif-oref--24_1568304
6a6225350f79cb2df80bffec,carif-oref--24_1568305
6a62322e0f79cb2df80c02ae,carif-oref--24_1568756
6a671a2a73b18078982733e7,carif-oref--24_1568761
6a67266173b180789827367b,carif-oref--24_1567095
6a6734a821ce6b22f0121ca6,carif-oref--02_00636788
6a67651521ce6b22f0122793,carif-oref--24_1611748
6a6774df21ce6b22f0122ac3,carif-oref--24_1613751
6a67855821ce6b22f0122da0,carif-oref--24_1567316
6a6883a68e81b7a1a41082f8,carif-oref--24_1567060
6a68ae9a8e81b7a1a4108a34,carif-oref--21_281843
6a68b76f8e81b7a1a4108bfb,carif-oref--24_1611740
6a68d162aed5ab14ef0be90e,carif-oref--14_SE_0001901814
6a68d3d6aed5ab14ef0be960,carif-oref--14_SE_0001901830
6a68d6e9aed5ab14ef0bea35,carif-oref--14_SE_0001599640
6a6b037bec9746c6025f4f60,carif-oref--21_281705
6a6b1464ec9746c6025f52af,carif-oref--21_281653
6a6b146cec9746c6025f52b3,carif-oref--10_379869S
6a6b28aaec9746c6025f569d,carif-oref--21_281716
6a6b2d68ec9746c6025f575f,carif-oref--21_281703
6a6b4211ec9746c6025f5b44,carif-oref--21_281041
6a6b4743ec9746c6025f5c4e,carif-oref--01_GE2049739
6a6b48e9ec9746c6025f5ca6,carif-oref--21_281454
6a6b4df3ec9746c6025f5dff,carif-oref--21_282005
6a6b5238ec9746c6025f5ec8,carif-oref--21_275539
6a6b5597ec9746c6025f5f73,carif-oref--21_281321
6a6b58c925f76d42598c0beb,carif-oref--21_281869
6a6b5bf125f76d42598c0e68,carif-oref--21_281929
6a6b5f7b25f76d42598c0f23,carif-oref--21_282065
6a6cbb5925f76d42598c3aed,carif-oref--01_GE1996147
6a7057fdfbaca57fe36dc0c6,carif-oref--21_282061
6a7067f9fbaca57fe36dc422,carif-oref--21_280346
6a708886fbaca57fe36dca82,carif-oref--21_280817
6a70ab05f83eddcddff0cf1a,carif-oref--21_281577
6a70afb0f83eddcddff0d01b,carif-oref--21_280552
6a70b634f83eddcddff0d120,carif-oref--21_281040
6a70c069f83eddcddff0d2dd,carif-oref--21_282089
6a71abd926b69da8654911c3,carif-oref--21_281636
6a71b65c26b69da86549140a,carif-oref--21_281278
6a71e7cb26b69da865491cbb,carif-oref--21_281796
6a71f0ba26b69da865491e52,carif-oref--21_281576
6a71fce826b69da86549203c,carif-oref--21_281472
6a720b6d26b69da865492267,carif-oref--21_281455
6a72fceaa3d027b480171e31,carif-oref--21_281618
6a732bd8b7a24060d262403b,carif-oref--21_280725
6a7336f8b7a24060d26242aa,carif-oref--21_280053
6a73457bb7a24060d2624587,carif-oref--21_282783
6a735297b7a24060d26247be,carif-oref--21_281865
6a7490a41fb04999b5bf9f6a,carif-oref--21_281930
6a74b0021fb04999b5bfa63c,carif-oref--10_396690S
6a74b51f1fb04999b5bfa714,carif-oref--10_396594S
6a79905fd8c216efe3527f24,carif-oref--21_283285
6a799712d8c216efe3528074,carif-oref--10_396672S
6a79a2dbd8c216efe35282f6,carif-oref--10_396603S
6a7ae3418f7b807e4f23ef18,carif-oref--21_281715
6a7c2df68f7b807e4f2444d2,carif-oref--21_282117
6a7dc647cef19fd9ce9a11a1,carif-oref--21_282150
6a7dde9dcef19fd9ce9a14f4,carif-oref--07_223865
6a8469a156f4dc3f06fd6ce9,carif-oref--14_SE_0001753887
6a84871f56f4dc3f06fd725e,carif-oref--10_396674S
6a856580d3011ce90af38a85,carif-oref--21_281319
6aa8353ddbe605d2ea9d1592,carif-oref--01_GE2064863
6aa83549dbe605d2ea9d1596,carif-oref--01_GE2064854
6aa91ce77ff1abb0e4465b36,carif-oref--21_284269
6aa9446971813158298e5317,carif-oref--14_SE_0001755554
6aa969a471813158298e550b,carif-oref--14_SE_0001755555
6aaac82914f1c22ac0b96698,carif-oref--01_GE2161110
6aabdf02e925fb2396ea3269,carif-oref--21_284003
6aabf5fbe925fb2396ea3c56,carif-oref--21_283960
6aac1140e925fb2396ea41de,carif-oref--01_GE2148709
6ab144cd0bb6975686bbdee6,carif-oref--10_396692S
6ab1742fce7b9f18acc0fae8,carif-oref--06_2066756S
6ab17a0ece7b9f18acc0fb65,carif-oref--06_2353075S